Title,Id,URL,Description,Owner,Last modification,Size,Search,Photos,
Hidden,Hidden,Hidden,Hidden,Hidden,Hidden,Hidden,StringFilter,,
Nikon_logo_PNG1.png,1kejdmiMi4bB8X1eePBRzek7p6IZv7YsY,https://drive.google.com/file/d/1kejdmiMi4bB8X1eePBRzek7p6IZv7YsY/view?usp=drivesdk,,adit gupta,12/27/2021,354464,,,https://drive.google.com/uc?export=view&id=1kejdmiMi4bB8X1eePBRzek7p6IZv7YsY
The_Pirate_Bay_logo_PNG1.png,1IIpVLUunVmwCDMgcKI6FqHAewd6yO3DB,https://drive.google.com/file/d/1IIpVLUunVmwCDMgcKI6FqHAewd6yO3DB/view?usp=drivesdk,,adit gupta,12/27/2021,1264279,,,https://drive.google.com/uc?export=view&id=1IIpVLUunVmwCDMgcKI6FqHAewd6yO3DB
VansPNG.png,1AJgxS1_j5CdElxeZW86nolxiP8uk-QXC,https://drive.google.com/file/d/1AJgxS1_j5CdElxeZW86nolxiP8uk-QXC/view?usp=drivesdk,,adit gupta,12/27/2021,90500,,,https://drive.google.com/uc?export=view&id=1AJgxS1_j5CdElxeZW86nolxiP8uk-QXC
Toblerone_logo_PNG5.png,16aUSSVAHvqtjRVwUI3oq0p4fMBQPfoA-,https://drive.google.com/file/d/16aUSSVAHvqtjRVwUI3oq0p4fMBQPfoA-/view?usp=drivesdk,,adit gupta,12/27/2021,28240,,,https://drive.google.com/uc?export=view&id=16aUSSVAHvqtjRVwUI3oq0p4fMBQPfoA-
Warner_bros_logo_PNG1.png,1NHFmFaBNdwwO0TvZdF8jsJOfo-lEupZP,https://drive.google.com/file/d/1NHFmFaBNdwwO0TvZdF8jsJOfo-lEupZP/view?usp=drivesdk,,adit gupta,12/27/2021,340264,,,https://drive.google.com/uc?export=view&id=1NHFmFaBNdwwO0TvZdF8jsJOfo-lEupZP
Usaa_logo_PNG2.png,1K5fm-QY1rlHTKB30KAM7CNZv6_CsbmEs,https://drive.google.com/file/d/1K5fm-QY1rlHTKB30KAM7CNZv6_CsbmEs/view?usp=drivesdk,,adit gupta,12/27/2021,77338,,,https://drive.google.com/uc?export=view&id=1K5fm-QY1rlHTKB30KAM7CNZv6_CsbmEs
Reebok_logo_PNG8.png,1Aa1NCDXRXAXHUskEUrlLOCce8AvoiOG_,https://drive.google.com/file/d/1Aa1NCDXRXAXHUskEUrlLOCce8AvoiOG_/view?usp=drivesdk,,adit gupta,12/27/2021,90523,,,https://drive.google.com/uc?export=view&id=1Aa1NCDXRXAXHUskEUrlLOCce8AvoiOG_
Shopify_logo_PNG16.png,1iCWhGAJUIfMwmWCFjcUQRBlfduLJtj1V,https://drive.google.com/file/d/1iCWhGAJUIfMwmWCFjcUQRBlfduLJtj1V/view?usp=drivesdk,,adit gupta,12/27/2021,75319,,,https://drive.google.com/uc?export=view&id=1iCWhGAJUIfMwmWCFjcUQRBlfduLJtj1V
NVIDIA_logo_PNG3.png,1WJ9lbPeFP_dY3RC0gp_BgR9wWSU2aiyY,https://drive.google.com/file/d/1WJ9lbPeFP_dY3RC0gp_BgR9wWSU2aiyY/view?usp=drivesdk,,adit gupta,12/27/2021,331521,,,https://drive.google.com/uc?export=view&id=1WJ9lbPeFP_dY3RC0gp_BgR9wWSU2aiyY
PBS Kids Logo.png,1u1uDuKprd9CRPX2nEcWZVi6rdEpT5d9w,https://drive.google.com/file/d/1u1uDuKprd9CRPX2nEcWZVi6rdEpT5d9w/view?usp=drivesdk,,adit gupta,12/27/2021,42771,,,https://drive.google.com/uc?export=view&id=1u1uDuKprd9CRPX2nEcWZVi6rdEpT5d9w
North_face_logo_PNG2.png,1VXmxoPNeu5Fl_k973-JkfdWT_dLpgTkp,https://drive.google.com/file/d/1VXmxoPNeu5Fl_k973-JkfdWT_dLpgTkp/view?usp=drivesdk,,adit gupta,12/27/2021,46816,,,https://drive.google.com/uc?export=view&id=1VXmxoPNeu5Fl_k973-JkfdWT_dLpgTkp
Mitsubishi_logo_PNG3.png,1o00UOfHpEFHAhjZKVwRrUUwKrQ5fAbDH,https://drive.google.com/file/d/1o00UOfHpEFHAhjZKVwRrUUwKrQ5fAbDH/view?usp=drivesdk,,adit gupta,12/27/2021,52413,,,https://drive.google.com/uc?export=view&id=1o00UOfHpEFHAhjZKVwRrUUwKrQ5fAbDH
Mozilla_firefox_logo_PNG17.png,135DJreg_cFDK5SP5k26AcUs8A9dNhrk9,https://drive.google.com/file/d/135DJreg_cFDK5SP5k26AcUs8A9dNhrk9/view?usp=drivesdk,,adit gupta,12/27/2021,227874,,,https://drive.google.com/uc?export=view&id=135DJreg_cFDK5SP5k26AcUs8A9dNhrk9
National_geographic_logo_PNG2.png,1MR40qCpGrWBR2UmxkiY5brRgIsyyGZCk,https://drive.google.com/file/d/1MR40qCpGrWBR2UmxkiY5brRgIsyyGZCk/view?usp=drivesdk,,adit gupta,12/27/2021,15805,,,https://drive.google.com/uc?export=view&id=1MR40qCpGrWBR2UmxkiY5brRgIsyyGZCk
Michelin_logo_PNG1.png,13_KnbIsQ0h9RvQCvmcYkvvVjGM5x-40u,https://drive.google.com/file/d/13_KnbIsQ0h9RvQCvmcYkvvVjGM5x-40u/view?usp=drivesdk,,adit gupta,12/27/2021,483796,,,https://drive.google.com/uc?export=view&id=13_KnbIsQ0h9RvQCvmcYkvvVjGM5x-40u
levis_logo_PNG2.png,1Y5QwW1TPORGeBxFVmBumA2uNwxOUIbiP,https://drive.google.com/file/d/1Y5QwW1TPORGeBxFVmBumA2uNwxOUIbiP/view?usp=drivesdk,,adit gupta,12/27/2021,84320,,,https://drive.google.com/uc?export=view&id=1Y5QwW1TPORGeBxFVmBumA2uNwxOUIbiP
Lamborghini_logo_PNG1.png,1zXUjAEYoHP1wJLlo7RPVZpmL_Z5mn3sE,https://drive.google.com/file/d/1zXUjAEYoHP1wJLlo7RPVZpmL_Z5mn3sE/view?usp=drivesdk,,adit gupta,12/27/2021,47020,,,https://drive.google.com/uc?export=view&id=1zXUjAEYoHP1wJLlo7RPVZpmL_Z5mn3sE
Instagram_logo_PNG12.png,1rbwpCtoEQNPozIhnjki50rpXwaw7rIXX,https://drive.google.com/file/d/1rbwpCtoEQNPozIhnjki50rpXwaw7rIXX/view?usp=drivesdk,,adit gupta,12/27/2021,741400,,,https://drive.google.com/uc?export=view&id=1rbwpCtoEQNPozIhnjki50rpXwaw7rIXX
Hollister_logo_PNG2.png,1o7b1Sh7HI2wLpZ6uvCTUp50d1YhSXIlt,https://drive.google.com/file/d/1o7b1Sh7HI2wLpZ6uvCTUp50d1YhSXIlt/view?usp=drivesdk,,adit gupta,12/27/2021,77296,,,https://drive.google.com/uc?export=view&id=1o7b1Sh7HI2wLpZ6uvCTUp50d1YhSXIlt
History_Channel_logo_PNG1.png,1M1kj9gewOY37a1MSNuDuOn4s5ooOfisG,https://drive.google.com/file/d/1M1kj9gewOY37a1MSNuDuOn4s5ooOfisG/view?usp=drivesdk,,adit gupta,12/27/2021,735008,,,https://drive.google.com/uc?export=view&id=1M1kj9gewOY37a1MSNuDuOn4s5ooOfisG
Google_Photos_logo_PNG1.png,1iXUUnk7DAv5y66TeGp6vKjERBzEXIFY5,https://drive.google.com/file/d/1iXUUnk7DAv5y66TeGp6vKjERBzEXIFY5/view?usp=drivesdk,,adit gupta,12/27/2021,55467,,,https://drive.google.com/uc?export=view&id=1iXUUnk7DAv5y66TeGp6vKjERBzEXIFY5
Grubhub_logo_PNG2.png,1nLZA2goIkI8wjAolV-V928JSSGYTz0Wk,https://drive.google.com/file/d/1nLZA2goIkI8wjAolV-V928JSSGYTz0Wk/view?usp=drivesdk,,adit gupta,12/27/2021,22790,,,https://drive.google.com/uc?export=view&id=1nLZA2goIkI8wjAolV-V928JSSGYTz0Wk
Gmail_logo_PNG9.png,1A8RJ2WI_H9mTW-c__KiIxiG4zzUfGxtc,https://drive.google.com/file/d/1A8RJ2WI_H9mTW-c__KiIxiG4zzUfGxtc/view?usp=drivesdk,,adit gupta,12/27/2021,52892,,,https://drive.google.com/uc?export=view&id=1A8RJ2WI_H9mTW-c__KiIxiG4zzUfGxtc
Google_Calendar_Logo_PNG1.png,1W0BH0X_aiTJZGTN4UIj2pyWNv7EAHw21,https://drive.google.com/file/d/1W0BH0X_aiTJZGTN4UIj2pyWNv7EAHw21/view?usp=drivesdk,,adit gupta,12/27/2021,220932,,,https://drive.google.com/uc?export=view&id=1W0BH0X_aiTJZGTN4UIj2pyWNv7EAHw21
Frito_Lay_logo_PNG3.png,1UQBM0I8LVn6KJBydp4ZGrEZUW36seaYq,https://drive.google.com/file/d/1UQBM0I8LVn6KJBydp4ZGrEZUW36seaYq/view?usp=drivesdk,,adit gupta,12/27/2021,210637,,,https://drive.google.com/uc?export=view&id=1UQBM0I8LVn6KJBydp4ZGrEZUW36seaYq
Ford_logo_PNG2.png,1Vi8kRxM4eD7aOjDPMTnJM6wO1D6eBMaH,https://drive.google.com/file/d/1Vi8kRxM4eD7aOjDPMTnJM6wO1D6eBMaH/view?usp=drivesdk,,adit gupta,12/27/2021,76083,,,https://drive.google.com/uc?export=view&id=1Vi8kRxM4eD7aOjDPMTnJM6wO1D6eBMaH
Fiat_logo_PNG5.png,1o1Cib1_yryp4QuNRnaw2HqRoz4IsHdDd,https://drive.google.com/file/d/1o1Cib1_yryp4QuNRnaw2HqRoz4IsHdDd/view?usp=drivesdk,,adit gupta,12/27/2021,890871,,,https://drive.google.com/uc?export=view&id=1o1Cib1_yryp4QuNRnaw2HqRoz4IsHdDd
DuckDuckGo_logo_PNG3.png,1aeWgVLeBZedV7F6UGt10hajZXDHFmoh1,https://drive.google.com/file/d/1aeWgVLeBZedV7F6UGt10hajZXDHFmoh1/view?usp=drivesdk,,adit gupta,12/27/2021,163156,,,https://drive.google.com/uc?export=view&id=1aeWgVLeBZedV7F6UGt10hajZXDHFmoh1
DreamWorks_Animation_logo_PNG2.png,1IRw1DWpgqr407Ixl6dC9xnfZK9T_F7p4,https://drive.google.com/file/d/1IRw1DWpgqr407Ixl6dC9xnfZK9T_F7p4/view?usp=drivesdk,,adit gupta,12/27/2021,42225,,,https://drive.google.com/uc?export=view&id=1IRw1DWpgqr407Ixl6dC9xnfZK9T_F7p4
Comedy_Central_logo_PNG2.png,16YyiIMZZ9gDZBaj-QjXZ2WScV9aBz2C4,https://drive.google.com/file/d/16YyiIMZZ9gDZBaj-QjXZ2WScV9aBz2C4/view?usp=drivesdk,,adit gupta,12/27/2021,58041,,,https://drive.google.com/uc?export=view&id=16YyiIMZZ9gDZBaj-QjXZ2WScV9aBz2C4
Chrysler_logo_PNG18.png,1PL-VoDtt4TCEkaBHFlEQGYJMndvu0Hr3,https://drive.google.com/file/d/1PL-VoDtt4TCEkaBHFlEQGYJMndvu0Hr3/view?usp=drivesdk,,adit gupta,12/27/2021,275918,,,https://drive.google.com/uc?export=view&id=1PL-VoDtt4TCEkaBHFlEQGYJMndvu0Hr3
Chuck_Taylor_All_Star_logo_PNG1.png,1mKXY0KaG5fdPHQHFVBK5lLyn4HOaY543,https://drive.google.com/file/d/1mKXY0KaG5fdPHQHFVBK5lLyn4HOaY543/view?usp=drivesdk,,adit gupta,12/27/2021,482305,,,https://drive.google.com/uc?export=view&id=1mKXY0KaG5fdPHQHFVBK5lLyn4HOaY543
Comcast_logo_PNG1.png,1xKfgO0TbqYcUXvzFsyf6sU2V551P_x1r,https://drive.google.com/file/d/1xKfgO0TbqYcUXvzFsyf6sU2V551P_x1r/view?usp=drivesdk,,adit gupta,12/27/2021,566017,,,https://drive.google.com/uc?export=view&id=1xKfgO0TbqYcUXvzFsyf6sU2V551P_x1r
Chevron_logo_PNG2.png,1x_fkBq69IGP1vu73CRpVd-csnAsg0ele,https://drive.google.com/file/d/1x_fkBq69IGP1vu73CRpVd-csnAsg0ele/view?usp=drivesdk,,adit gupta,12/27/2021,191117,,,https://drive.google.com/uc?export=view&id=1x_fkBq69IGP1vu73CRpVd-csnAsg0ele
Champion_logo_PNG6.png,16_UOOVnPRexXZYxHPBtWnhUT9BzIzr-Y,https://drive.google.com/file/d/16_UOOVnPRexXZYxHPBtWnhUT9BzIzr-Y/view?usp=drivesdk,,adit gupta,12/27/2021,60360,,,https://drive.google.com/uc?export=view&id=16_UOOVnPRexXZYxHPBtWnhUT9BzIzr-Y
Bluetooth_logo_PNG3.png,14LDKyo-SfBhQJdRkiSNSKxMogrpvTo2L,https://drive.google.com/file/d/14LDKyo-SfBhQJdRkiSNSKxMogrpvTo2L/view?usp=drivesdk,,adit gupta,12/27/2021,99113,,,https://drive.google.com/uc?export=view&id=14LDKyo-SfBhQJdRkiSNSKxMogrpvTo2L
Cadillac_logo_PNG1.png,1CPA7gbz3IazAY6Pbp2TooZolaHoGyJ3_,https://drive.google.com/file/d/1CPA7gbz3IazAY6Pbp2TooZolaHoGyJ3_/view?usp=drivesdk,,adit gupta,12/27/2021,164734,,,https://drive.google.com/uc?export=view&id=1CPA7gbz3IazAY6Pbp2TooZolaHoGyJ3_
Best_Buy_logo_PNG2.png,1--GyWDJpY6_AyG43pIRSBGwwq8brdyR7,https://drive.google.com/file/d/1--GyWDJpY6_AyG43pIRSBGwwq8brdyR7/view?usp=drivesdk,,adit gupta,12/27/2021,37388,,,https://drive.google.com/uc?export=view&id=1--GyWDJpY6_AyG43pIRSBGwwq8brdyR7
Amazon_logo_PNG20.png,1qaH2Z1cwQE9zVVLVNdkwFm0t9zdUnH6y,https://drive.google.com/file/d/1qaH2Z1cwQE9zVVLVNdkwFm0t9zdUnH6y/view?usp=drivesdk,,adit gupta,12/27/2021,129935,,,https://drive.google.com/uc?export=view&id=1qaH2Z1cwQE9zVVLVNdkwFm0t9zdUnH6y
Arbys_logo_PNG3.png,1503NaCcJQE3CKqbDENofCUP0YOqu4Ayw,https://drive.google.com/file/d/1503NaCcJQE3CKqbDENofCUP0YOqu4Ayw/view?usp=drivesdk,,adit gupta,12/27/2021,47478,,,https://drive.google.com/uc?export=view&id=1503NaCcJQE3CKqbDENofCUP0YOqu4Ayw
Aston-Martin_logo_PNG2.png,1K8RpTknGYsPvLundVeNxdd-YnnJMvN2m,https://drive.google.com/file/d/1K8RpTknGYsPvLundVeNxdd-YnnJMvN2m/view?usp=drivesdk,,adit gupta,12/27/2021,46270,,,https://drive.google.com/uc?export=view&id=1K8RpTknGYsPvLundVeNxdd-YnnJMvN2m
Atari_logo_PNG4.png,1u4y2pf77xudw3hwE4kL_IcyCjMMh7uKb,https://drive.google.com/file/d/1u4y2pf77xudw3hwE4kL_IcyCjMMh7uKb/view?usp=drivesdk,,adit gupta,12/27/2021,25628,,,https://drive.google.com/uc?export=view&id=1u4y2pf77xudw3hwE4kL_IcyCjMMh7uKb
Abercrombie_and_fitch_logo_PNG1.png,13ypXN5FIFJvwGUSV1k5FoEGuG-LbH86H,https://drive.google.com/file/d/13ypXN5FIFJvwGUSV1k5FoEGuG-LbH86H/view?usp=drivesdk,,adit gupta,12/27/2021,119078,,,https://drive.google.com/uc?export=view&id=13ypXN5FIFJvwGUSV1k5FoEGuG-LbH86H
Superman Logo.png,1MMV7CgZQykq4pkB-PI1uGEt2sXUVOYUr,https://drive.google.com/file/d/1MMV7CgZQykq4pkB-PI1uGEt2sXUVOYUr/view?usp=drivesdk,,adit gupta,12/27/2021,31719,,,https://drive.google.com/uc?export=view&id=1MMV7CgZQykq4pkB-PI1uGEt2sXUVOYUr
Reddit_logo_PNG9.png,1fXBGN7R2WF3oHJ-6TmTRzUzVJRwJgpyJ,https://drive.google.com/file/d/1fXBGN7R2WF3oHJ-6TmTRzUzVJRwJgpyJ/view?usp=drivesdk,,adit gupta,12/27/2021,17053,,,https://drive.google.com/uc?export=view&id=1fXBGN7R2WF3oHJ-6TmTRzUzVJRwJgpyJ
Nbc_logo_PNG2.png,15w-RONCue576X10AMxypF0SlsWw2_8Kt,https://drive.google.com/file/d/15w-RONCue576X10AMxypF0SlsWw2_8Kt/view?usp=drivesdk,,adit gupta,12/27/2021,74448,,,https://drive.google.com/uc?export=view&id=15w-RONCue576X10AMxypF0SlsWw2_8Kt
Looney_Tunes_logo_PNG2.png,13gZW4XJjfOYXs-3FFL-OmVVT1v870xAo,https://drive.google.com/file/d/13gZW4XJjfOYXs-3FFL-OmVVT1v870xAo/view?usp=drivesdk,,adit gupta,12/27/2021,1840034,,,https://drive.google.com/uc?export=view&id=13gZW4XJjfOYXs-3FFL-OmVVT1v870xAo
CBS Logo.png,1Dk_rjZdFIEou_0lt8yPAJqstTjEImh7A,https://drive.google.com/file/d/1Dk_rjZdFIEou_0lt8yPAJqstTjEImh7A/view?usp=drivesdk,,adit gupta,12/27/2021,18501,,,https://drive.google.com/uc?export=view&id=1Dk_rjZdFIEou_0lt8yPAJqstTjEImh7A
Avengers_logo_PNG3.png,1gVSyOkDGDLd8aRHDQUBW5m8Kgnk6DcZS,https://drive.google.com/file/d/1gVSyOkDGDLd8aRHDQUBW5m8Kgnk6DcZS/view?usp=drivesdk,,adit gupta,12/27/2021,39903,,,https://drive.google.com/uc?export=view&id=1gVSyOkDGDLd8aRHDQUBW5m8Kgnk6DcZS
batman_logo_PNG4.png,12fH-uLbXPJ8MgZ2lClkMabb3C3q_DdBJ,https://drive.google.com/file/d/12fH-uLbXPJ8MgZ2lClkMabb3C3q_DdBJ/view?usp=drivesdk,,adit gupta,12/27/2021,351069,,,https://drive.google.com/uc?export=view&id=12fH-uLbXPJ8MgZ2lClkMabb3C3q_DdBJ
Autobots_logo_PNG4.png,1EFsrkNqWkeUf51RhSJTLxhQrumb07eiU,https://drive.google.com/file/d/1EFsrkNqWkeUf51RhSJTLxhQrumb07eiU/view?usp=drivesdk,,adit gupta,12/27/2021,236386,,,https://drive.google.com/uc?export=view&id=1EFsrkNqWkeUf51RhSJTLxhQrumb07eiU
Zoom_logo_PNG2.png,1WpaecZTiSxIMoXWcO1VsfRFQDhw5rkfS,https://drive.google.com/file/d/1WpaecZTiSxIMoXWcO1VsfRFQDhw5rkfS/view?usp=drivesdk,,adit gupta,12/26/2021,25601,,,https://drive.google.com/uc?export=view&id=1WpaecZTiSxIMoXWcO1VsfRFQDhw5rkfS
WeChat-Logo-PNG2.png,1rcsyl8jGCU4xj4o7EdaTcolKMaJNR8gs,https://drive.google.com/file/d/1rcsyl8jGCU4xj4o7EdaTcolKMaJNR8gs/view?usp=drivesdk,,adit gupta,12/26/2021,3417,,,https://drive.google.com/uc?export=view&id=1rcsyl8jGCU4xj4o7EdaTcolKMaJNR8gs
Utorrent_logo_PNG2.png,1meAfWomkXOGhqYEbA6avXCbyQdIYJiIy,https://drive.google.com/file/d/1meAfWomkXOGhqYEbA6avXCbyQdIYJiIy/view?usp=drivesdk,,adit gupta,12/26/2021,102023,,,https://drive.google.com/uc?export=view&id=1meAfWomkXOGhqYEbA6avXCbyQdIYJiIy
Tinder_logo_PNG4.png,1FJExrhnW3tE2Lg08gKEcoK1OS4IocBvd,https://drive.google.com/file/d/1FJExrhnW3tE2Lg08gKEcoK1OS4IocBvd/view?usp=drivesdk,,adit gupta,12/26/2021,85115,,,https://drive.google.com/uc?export=view&id=1FJExrhnW3tE2Lg08gKEcoK1OS4IocBvd
Squarespace_logo_PNG6.png,1Ba34Cvbd9Oi94ioya_bNyQVYFC1dJVG4,https://drive.google.com/file/d/1Ba34Cvbd9Oi94ioya_bNyQVYFC1dJVG4/view?usp=drivesdk,,adit gupta,12/26/2021,21561,,,https://drive.google.com/uc?export=view&id=1Ba34Cvbd9Oi94ioya_bNyQVYFC1dJVG4
Steam_logo_PNG2.png,1OAqy24gum634CS4lYZJ8bv5BvzFmLB4p,https://drive.google.com/file/d/1OAqy24gum634CS4lYZJ8bv5BvzFmLB4p/view?usp=drivesdk,,adit gupta,12/26/2021,160349,,,https://drive.google.com/uc?export=view&id=1OAqy24gum634CS4lYZJ8bv5BvzFmLB4p
Square_logo_PNG4.png,1W1QK5rWjwdh665mMCGSRonCLKVJlc4tK,https://drive.google.com/file/d/1W1QK5rWjwdh665mMCGSRonCLKVJlc4tK/view?usp=drivesdk,,adit gupta,12/26/2021,5310,,,https://drive.google.com/uc?export=view&id=1W1QK5rWjwdh665mMCGSRonCLKVJlc4tK
SoundCloud_Logo_PNG17.png,1uMJuEkqaEiUrcnoiHg3fUygT4cFre9sL,https://drive.google.com/file/d/1uMJuEkqaEiUrcnoiHg3fUygT4cFre9sL/view?usp=drivesdk,,adit gupta,12/26/2021,7969,,,https://drive.google.com/uc?export=view&id=1uMJuEkqaEiUrcnoiHg3fUygT4cFre9sL
Spotify_logo_PNG11.png,1--xOIOSKoDRYEcoc-NvCx4BKt2_GhKfL,https://drive.google.com/file/d/1--xOIOSKoDRYEcoc-NvCx4BKt2_GhKfL/view?usp=drivesdk,,adit gupta,12/26/2021,113595,,,https://drive.google.com/uc?export=view&id=1--xOIOSKoDRYEcoc-NvCx4BKt2_GhKfL
Snapchat_logo_PNG2.png,1uOlQFTFl6_qvWBlvlc1CEGhUsQrGBmg8,https://drive.google.com/file/d/1uOlQFTFl6_qvWBlvlc1CEGhUsQrGBmg8/view?usp=drivesdk,,adit gupta,12/26/2021,80333,,,https://drive.google.com/uc?export=view&id=1uOlQFTFl6_qvWBlvlc1CEGhUsQrGBmg8
Itunes_logo_PNG1.png,1341RiiA9jOuAOmXaXPYcmm1WPhZ8fRZv,https://drive.google.com/file/d/1341RiiA9jOuAOmXaXPYcmm1WPhZ8fRZv/view?usp=drivesdk,,adit gupta,12/26/2021,313462,,,https://drive.google.com/uc?export=view&id=1341RiiA9jOuAOmXaXPYcmm1WPhZ8fRZv
Grindr_logo_PNG10.png,1uXNlrhRN-IjYYHB6CD82q_8NuCUw98ab,https://drive.google.com/file/d/1uXNlrhRN-IjYYHB6CD82q_8NuCUw98ab/view?usp=drivesdk,,adit gupta,12/26/2021,7591,,,https://drive.google.com/uc?export=view&id=1uXNlrhRN-IjYYHB6CD82q_8NuCUw98ab
Google_Docs_logo_PNG1.png,1EtIzgydkGThtc9bkYJeOBt_njj21S-2D,https://drive.google.com/file/d/1EtIzgydkGThtc9bkYJeOBt_njj21S-2D/view?usp=drivesdk,,adit gupta,12/26/2021,7691,,,https://drive.google.com/uc?export=view&id=1EtIzgydkGThtc9bkYJeOBt_njj21S-2D
Glassdoor_Logo_PNG3.png,1C6pMaizbHfPXz-0uOMLjGPPGzVHE5BxR,https://drive.google.com/file/d/1C6pMaizbHfPXz-0uOMLjGPPGzVHE5BxR/view?usp=drivesdk,,adit gupta,12/26/2021,12898,,,https://drive.google.com/uc?export=view&id=1C6pMaizbHfPXz-0uOMLjGPPGzVHE5BxR
Github_logo_PNG9.png,1DaT4CIZWedxjLkX-uvU_HN_FtvScUu91,https://drive.google.com/file/d/1DaT4CIZWedxjLkX-uvU_HN_FtvScUu91/view?usp=drivesdk,,adit gupta,12/26/2021,41093,,,https://drive.google.com/uc?export=view&id=1DaT4CIZWedxjLkX-uvU_HN_FtvScUu91
Chrome_logo_PNG1.png,1GELWfIZh9zc62vWQaO7ScfQyM0_hT0vx,https://drive.google.com/file/d/1GELWfIZh9zc62vWQaO7ScfQyM0_hT0vx/view?usp=drivesdk,,adit gupta,12/26/2021,1764584,,,https://drive.google.com/uc?export=view&id=1GELWfIZh9zc62vWQaO7ScfQyM0_hT0vx
Blogger_logo_PNG11.png,1OLBgpbFTAsbMsx1_jsibOWCfJz2adavy,https://drive.google.com/file/d/1OLBgpbFTAsbMsx1_jsibOWCfJz2adavy/view?usp=drivesdk,,adit gupta,12/26/2021,117761,,,https://drive.google.com/uc?export=view&id=1OLBgpbFTAsbMsx1_jsibOWCfJz2adavy
Airbnb_logo_PNG8.png,15N96ihotx-1xXwyLOPkF7G8qHARkwQHG,https://drive.google.com/file/d/15N96ihotx-1xXwyLOPkF7G8qHARkwQHG/view?usp=drivesdk,,adit gupta,12/26/2021,3977,,,https://drive.google.com/uc?export=view&id=15N96ihotx-1xXwyLOPkF7G8qHARkwQHG
Pfizer_logo_PNG14.png,1_aBtZnVg52SsfVzVG2PcLAKAAhmyjw5-,https://drive.google.com/file/d/1_aBtZnVg52SsfVzVG2PcLAKAAhmyjw5-/view?usp=drivesdk,,adit gupta,12/26/2021,17863,,,https://drive.google.com/uc?export=view&id=1_aBtZnVg52SsfVzVG2PcLAKAAhmyjw5-
Lays_logo_PNG3.png,1dK7579d2NaLbH8JP8rS5TE1R2mitWCob,https://drive.google.com/file/d/1dK7579d2NaLbH8JP8rS5TE1R2mitWCob/view?usp=drivesdk,,adit gupta,12/26/2021,461216,,,https://drive.google.com/uc?export=view&id=1dK7579d2NaLbH8JP8rS5TE1R2mitWCob
Baskin_robbins_logo_PNG4.png,1aoikb8ohUzNlBIjR4qHB9txxLgpIv4au,https://drive.google.com/file/d/1aoikb8ohUzNlBIjR4qHB9txxLgpIv4au/view?usp=drivesdk,,adit gupta,12/26/2021,56840,,,https://drive.google.com/uc?export=view&id=1aoikb8ohUzNlBIjR4qHB9txxLgpIv4au
Zelle_logo_PNG2.png,1zpmISbfkUMzIQy4Twu36UrHOL6iCjwQB,https://drive.google.com/file/d/1zpmISbfkUMzIQy4Twu36UrHOL6iCjwQB/view?usp=drivesdk,,adit gupta,12/26/2021,13534,,,https://drive.google.com/uc?export=view&id=1zpmISbfkUMzIQy4Twu36UrHOL6iCjwQB
Mastercard_logo_PNG1.png,1f7P2WfePdXArOqjVk2h60nndXyToE6pN,https://drive.google.com/file/d/1f7P2WfePdXArOqjVk2h60nndXyToE6pN/view?usp=drivesdk,,adit gupta,12/26/2021,20959,,,https://drive.google.com/uc?export=view&id=1f7P2WfePdXArOqjVk2h60nndXyToE6pN
Chase_logo_PNG14.png,1Fx90Rbnwv4Vk4c8gKRvjSFSKkjOCZ082,https://drive.google.com/file/d/1Fx90Rbnwv4Vk4c8gKRvjSFSKkjOCZ082/view?usp=drivesdk,,adit gupta,12/26/2021,8062,,,https://drive.google.com/uc?export=view&id=1Fx90Rbnwv4Vk4c8gKRvjSFSKkjOCZ082
Under_armour_logo_PNG1.png,1KrQdG3r4lC3LyaoeGBOIvpg23quycANF,https://drive.google.com/file/d/1KrQdG3r4lC3LyaoeGBOIvpg23quycANF/view?usp=drivesdk,,adit gupta,12/26/2021,185657,,,https://drive.google.com/uc?export=view&id=1KrQdG3r4lC3LyaoeGBOIvpg23quycANF
Tommy-Hilfiger-Logo-PNG9.png,1juUYLgwWAPtWUcBemXjglwEryXGxoP9C,https://drive.google.com/file/d/1juUYLgwWAPtWUcBemXjglwEryXGxoP9C/view?usp=drivesdk,,adit gupta,12/26/2021,4913,,,https://drive.google.com/uc?export=view&id=1juUYLgwWAPtWUcBemXjglwEryXGxoP9C
Puma_logo_PNG9.png,1a5egO2L3mxjg_Xh5F4XNY3M-2RSNpeM7,https://drive.google.com/file/d/1a5egO2L3mxjg_Xh5F4XNY3M-2RSNpeM7/view?usp=drivesdk,,adit gupta,12/26/2021,1486,,,https://drive.google.com/uc?export=view&id=1a5egO2L3mxjg_Xh5F4XNY3M-2RSNpeM7
Ralph_lauren_logo_PNG8.png,1a8Smw_egiv9LE7YrE0IMy-VAXCM7Mxa1,https://drive.google.com/file/d/1a8Smw_egiv9LE7YrE0IMy-VAXCM7Mxa1/view?usp=drivesdk,,adit gupta,12/26/2021,26620,,,https://drive.google.com/uc?export=view&id=1a8Smw_egiv9LE7YrE0IMy-VAXCM7Mxa1
Oakley_logo_PNG6.png,1DVN6iZwye9qFxTQtd07uuVLSZIXfZfrC,https://drive.google.com/file/d/1DVN6iZwye9qFxTQtd07uuVLSZIXfZfrC/view?usp=drivesdk,,adit gupta,12/26/2021,13350,,,https://drive.google.com/uc?export=view&id=1DVN6iZwye9qFxTQtd07uuVLSZIXfZfrC
New_balance_logo_PNG1.png,1_JwckYMepi0wUE9aSA8rUHxxnZgCcY9h,https://drive.google.com/file/d/1_JwckYMepi0wUE9aSA8rUHxxnZgCcY9h/view?usp=drivesdk,,adit gupta,12/26/2021,142708,,,https://drive.google.com/uc?export=view&id=1_JwckYMepi0wUE9aSA8rUHxxnZgCcY9h
Louis_Vuitton_logo_PNG12.png,1gTuv2z3_oZvWivm1k1jnm-GgEf1toXvK,https://drive.google.com/file/d/1gTuv2z3_oZvWivm1k1jnm-GgEf1toXvK/view?usp=drivesdk,,adit gupta,12/26/2021,2655,,,https://drive.google.com/uc?export=view&id=1gTuv2z3_oZvWivm1k1jnm-GgEf1toXvK
Hurley_logo_PNG2.png,184ciskX8mhcYhRkvk9fgyNGZUCJ0c_o9,https://drive.google.com/file/d/184ciskX8mhcYhRkvk9fgyNGZUCJ0c_o9/view?usp=drivesdk,,adit gupta,12/26/2021,19427,,,https://drive.google.com/uc?export=view&id=184ciskX8mhcYhRkvk9fgyNGZUCJ0c_o9
Hermes_logo_PNG6.png,1a5C6KTf-ZrBNsLg96cMXqzQhWrV6YJE4,https://drive.google.com/file/d/1a5C6KTf-ZrBNsLg96cMXqzQhWrV6YJE4/view?usp=drivesdk,,adit gupta,12/26/2021,34278,,,https://drive.google.com/uc?export=view&id=1a5C6KTf-ZrBNsLg96cMXqzQhWrV6YJE4
gucci_logo_PNG3.png,1rllqUP4Gw9okoPv8pxljCz773WSnEywL,https://drive.google.com/file/d/1rllqUP4Gw9okoPv8pxljCz773WSnEywL/view?usp=drivesdk,,adit gupta,12/26/2021,551897,,,https://drive.google.com/uc?export=view&id=1rllqUP4Gw9okoPv8pxljCz773WSnEywL
Crocs_logo_PNG2.png,14aAJmhF7UAkvHwDuyC4keG2R75AcmwMV,https://drive.google.com/file/d/14aAJmhF7UAkvHwDuyC4keG2R75AcmwMV/view?usp=drivesdk,,adit gupta,12/26/2021,612842,,,https://drive.google.com/uc?export=view&id=14aAJmhF7UAkvHwDuyC4keG2R75AcmwMV
Columbia_logo_PNG7.png,1B1nJrMKfHTn9M22tL0H55oMjM_Ys0dUN,https://drive.google.com/file/d/1B1nJrMKfHTn9M22tL0H55oMjM_Ys0dUN/view?usp=drivesdk,,adit gupta,12/26/2021,4209,,,https://drive.google.com/uc?export=view&id=1B1nJrMKfHTn9M22tL0H55oMjM_Ys0dUN
Chanel_logo_PNG20.png,1NDBFZsTyEECZcRH-GmkuF2GhOofMDQu5,https://drive.google.com/file/d/1NDBFZsTyEECZcRH-GmkuF2GhOofMDQu5/view?usp=drivesdk,,adit gupta,12/26/2021,51063,,,https://drive.google.com/uc?export=view&id=1NDBFZsTyEECZcRH-GmkuF2GhOofMDQu5
Asics_logo_PNG2.png,15m7MycMSSJwKhmD_ZpL24Vpmdd5N2VNo,https://drive.google.com/file/d/15m7MycMSSJwKhmD_ZpL24Vpmdd5N2VNo/view?usp=drivesdk,,adit gupta,12/26/2021,27126,,,https://drive.google.com/uc?export=view&id=15m7MycMSSJwKhmD_ZpL24Vpmdd5N2VNo
Walmart_logo_PNG5.png,1daup9-IlLy-zo-VSPogXkYUxOTEOrJdO,https://drive.google.com/file/d/1daup9-IlLy-zo-VSPogXkYUxOTEOrJdO/view?usp=drivesdk,,adit gupta,12/26/2021,26649,,,https://drive.google.com/uc?export=view&id=1daup9-IlLy-zo-VSPogXkYUxOTEOrJdO
Speedo_logo_PNG15.png,1VitBP_QLwqZnBwCF6SotRVLLRTZQZAR3,https://drive.google.com/file/d/1VitBP_QLwqZnBwCF6SotRVLLRTZQZAR3/view?usp=drivesdk,,adit gupta,12/26/2021,24062,,,https://drive.google.com/uc?export=view&id=1VitBP_QLwqZnBwCF6SotRVLLRTZQZAR3
Tesla_logo_PNG5.png,1mfVsRySxd0biXwnQ9PL2fqq9JiYZHzPn,https://drive.google.com/file/d/1mfVsRySxd0biXwnQ9PL2fqq9JiYZHzPn/view?usp=drivesdk,,adit gupta,12/26/2021,12842,,,https://drive.google.com/uc?export=view&id=1mfVsRySxd0biXwnQ9PL2fqq9JiYZHzPn
Toyota_logo_PNG15.png,1gYpiZgWkCLmTzjZHipsSLA7-a2IhRUqv,https://drive.google.com/file/d/1gYpiZgWkCLmTzjZHipsSLA7-a2IhRUqv/view?usp=drivesdk,,adit gupta,12/26/2021,334719,,,https://drive.google.com/uc?export=view&id=1gYpiZgWkCLmTzjZHipsSLA7-a2IhRUqv
Razor_logo_PNG1.png,1Bj1wvO52Q4MQdLaNFqKZlNo6OZT1z9dM,https://drive.google.com/file/d/1Bj1wvO52Q4MQdLaNFqKZlNo6OZT1z9dM/view?usp=drivesdk,,adit gupta,12/26/2021,134395,,,https://drive.google.com/uc?export=view&id=1Bj1wvO52Q4MQdLaNFqKZlNo6OZT1z9dM
Maserati_logo_PNG3.png,1S39orNulKb1AV2BpDTAvwQAnB7iWp61H,https://drive.google.com/file/d/1S39orNulKb1AV2BpDTAvwQAnB7iWp61H/view?usp=drivesdk,,adit gupta,12/26/2021,201717,,,https://drive.google.com/uc?export=view&id=1S39orNulKb1AV2BpDTAvwQAnB7iWp61H
Lexus_logo_PNG9.png,1B56VS-udPaJCRKBB7N90H0i2sFFNJHVl,https://drive.google.com/file/d/1B56VS-udPaJCRKBB7N90H0i2sFFNJHVl/view?usp=drivesdk,,adit gupta,12/26/2021,292453,,,https://drive.google.com/uc?export=view&id=1B56VS-udPaJCRKBB7N90H0i2sFFNJHVl
Infiniti_logo_PNG5.png,1tLLTAMP0BjK4teN6kzaOO1dgBacmiZPt,https://drive.google.com/file/d/1tLLTAMP0BjK4teN6kzaOO1dgBacmiZPt/view?usp=drivesdk,,adit gupta,12/26/2021,48184,,,https://drive.google.com/uc?export=view&id=1tLLTAMP0BjK4teN6kzaOO1dgBacmiZPt
Corvette_logo_PNG4.png,1JzL66yLvE6mC7i6xC9Y4ektrt7xry3jn,https://drive.google.com/file/d/1JzL66yLvE6mC7i6xC9Y4ektrt7xry3jn/view?usp=drivesdk,,adit gupta,12/26/2021,308665,,,https://drive.google.com/uc?export=view&id=1JzL66yLvE6mC7i6xC9Y4ektrt7xry3jn
Chevrolet_logo_PNG3.png,15298H2WYKt2WFPFaBoZXzx2ognqEn4YW,https://drive.google.com/file/d/15298H2WYKt2WFPFaBoZXzx2ognqEn4YW/view?usp=drivesdk,,adit gupta,12/26/2021,1572874,,,https://drive.google.com/uc?export=view&id=15298H2WYKt2WFPFaBoZXzx2ognqEn4YW
Buick_logo_PNG4.png,1icMrYlHNO274jBtoYD5bljlyCNbY_eQR,https://drive.google.com/file/d/1icMrYlHNO274jBtoYD5bljlyCNbY_eQR/view?usp=drivesdk,,adit gupta,12/26/2021,1455823,,,https://drive.google.com/uc?export=view&id=1icMrYlHNO274jBtoYD5bljlyCNbY_eQR
Audi_logo_PNG1.png,1i4Fvf5DqPdvPSEWCeV0m50sYTdIhU1hd,https://drive.google.com/file/d/1i4Fvf5DqPdvPSEWCeV0m50sYTdIhU1hd/view?usp=drivesdk,,adit gupta,12/26/2021,44549,,,https://drive.google.com/uc?export=view&id=1i4Fvf5DqPdvPSEWCeV0m50sYTdIhU1hd
Acura-_logo_PNG2.png,1ZORnndaUHCUFpUo6xWhPekiTjC4DDgbh,https://drive.google.com/file/d/1ZORnndaUHCUFpUo6xWhPekiTjC4DDgbh/view?usp=drivesdk,,adit gupta,12/26/2021,160931,,,https://drive.google.com/uc?export=view&id=1ZORnndaUHCUFpUo6xWhPekiTjC4DDgbh
Xbox_logo_PNG3.png,1nb3ggutqgW0FeWpTU4qbQ9jS8oV7YkYA,https://drive.google.com/file/d/1nb3ggutqgW0FeWpTU4qbQ9jS8oV7YkYA/view?usp=drivesdk,,adit gupta,12/26/2021,57569,,,https://drive.google.com/uc?export=view&id=1nb3ggutqgW0FeWpTU4qbQ9jS8oV7YkYA
Vodafone_logo_PNG4.png,10aAwY40CHgeduiBDm0hcU6MxWcBuhSHc,https://drive.google.com/file/d/10aAwY40CHgeduiBDm0hcU6MxWcBuhSHc/view?usp=drivesdk,,adit gupta,12/26/2021,323461,,,https://drive.google.com/uc?export=view&id=10aAwY40CHgeduiBDm0hcU6MxWcBuhSHc
T_mobile_logo_PNG17.png,1hrhhLAZeZ0nfhHs3ddVc66SG4KVY1vLW,https://drive.google.com/file/d/1hrhhLAZeZ0nfhHs3ddVc66SG4KVY1vLW/view?usp=drivesdk,,adit gupta,12/26/2021,6492,,,https://drive.google.com/uc?export=view&id=1hrhhLAZeZ0nfhHs3ddVc66SG4KVY1vLW
Sprint_logo_PNG2.png,1baG-g3jm7hwJmxgf-nv7I3oZ_tLttOeQ,https://drive.google.com/file/d/1baG-g3jm7hwJmxgf-nv7I3oZ_tLttOeQ/view?usp=drivesdk,,adit gupta,12/26/2021,12751,,,https://drive.google.com/uc?export=view&id=1baG-g3jm7hwJmxgf-nv7I3oZ_tLttOeQ
Motorola_logo_PNG2.png,1HHNwlBOSmh8ZF4GkB4B4trgiH0Kvdw6R,https://drive.google.com/file/d/1HHNwlBOSmh8ZF4GkB4B4trgiH0Kvdw6R/view?usp=drivesdk,,adit gupta,12/26/2021,59666,,,https://drive.google.com/uc?export=view&id=1HHNwlBOSmh8ZF4GkB4B4trgiH0Kvdw6R
microsoft_PNG4.png,169avisYzTqxDJtlc0dg5wX_c9lXobtS3,https://drive.google.com/file/d/169avisYzTqxDJtlc0dg5wX_c9lXobtS3/view?usp=drivesdk,,adit gupta,12/26/2021,5598,,,https://drive.google.com/uc?export=view&id=169avisYzTqxDJtlc0dg5wX_c9lXobtS3
Ge_logo_PNG3.png,1UfgPVDkebJEZ9um1ovJ-3phZ2dGGX5m2,https://drive.google.com/file/d/1UfgPVDkebJEZ9um1ovJ-3phZ2dGGX5m2/view?usp=drivesdk,,adit gupta,12/26/2021,425444,,,https://drive.google.com/uc?export=view&id=1UfgPVDkebJEZ9um1ovJ-3phZ2dGGX5m2
Fitbit_logo_PNG3.png,1OOUKxKjhVRe-NomQZpCTZexkq9UyTI0u,https://drive.google.com/file/d/1OOUKxKjhVRe-NomQZpCTZexkq9UyTI0u/view?usp=drivesdk,,adit gupta,12/26/2021,23470,,,https://drive.google.com/uc?export=view&id=1OOUKxKjhVRe-NomQZpCTZexkq9UyTI0u
Dolby_Atmos_logo_PNG5.png,1ndJb4F2gK1uVZcomT9MU4V5UwZH28XGK,https://drive.google.com/file/d/1ndJb4F2gK1uVZcomT9MU4V5UwZH28XGK/view?usp=drivesdk,,adit gupta,12/26/2021,6948,,,https://drive.google.com/uc?export=view&id=1ndJb4F2gK1uVZcomT9MU4V5UwZH28XGK
Cisco_logo_PNG7.png,1g4uIAvvPGYtGq5D_7875DRQ341yCbEpK,https://drive.google.com/file/d/1g4uIAvvPGYtGq5D_7875DRQ341yCbEpK/view?usp=drivesdk,,adit gupta,12/26/2021,21731,,,https://drive.google.com/uc?export=view&id=1g4uIAvvPGYtGq5D_7875DRQ341yCbEpK
CenturyLink_logo_PNG3.png,1WpcNVUOYrelZpGMsbQmoYjs0ZTj_PDOV,https://drive.google.com/file/d/1WpcNVUOYrelZpGMsbQmoYjs0ZTj_PDOV/view?usp=drivesdk,,adit gupta,12/26/2021,22230,,,https://drive.google.com/uc?export=view&id=1WpcNVUOYrelZpGMsbQmoYjs0ZTj_PDOV
Boost_Mobile_logo_PNG6.png,11f-ryJtlCG5TXoLfD5VV4W4qlIqZpiox,https://drive.google.com/file/d/11f-ryJtlCG5TXoLfD5VV4W4qlIqZpiox/view?usp=drivesdk,,adit gupta,12/26/2021,20381,,,https://drive.google.com/uc?export=view&id=11f-ryJtlCG5TXoLfD5VV4W4qlIqZpiox
ATT-Logo-PNG8.png,1DXqkGtFzZ5i3M1Cr5zrUmoiUbhw8lhq9,https://drive.google.com/file/d/1DXqkGtFzZ5i3M1Cr5zrUmoiUbhw8lhq9/view?usp=drivesdk,,adit gupta,12/26/2021,128170,,,https://drive.google.com/uc?export=view&id=1DXqkGtFzZ5i3M1Cr5zrUmoiUbhw8lhq9
vk-1.png,1NmWsJ5sfpcNkE4Y1Y4ZX3lNGkLYtZjUu,https://drive.google.com/file/d/1NmWsJ5sfpcNkE4Y1Y4ZX3lNGkLYtZjUu/view?usp=drivesdk,,adit gupta,12/26/2021,143909,,,https://drive.google.com/uc?export=view&id=1NmWsJ5sfpcNkE4Y1Y4ZX3lNGkLYtZjUu
whatsapp-symbol.png,19BiHrIhXR37WnXy8LS7bzSHTYPKG2Y3t,https://drive.google.com/file/d/19BiHrIhXR37WnXy8LS7bzSHTYPKG2Y3t/view?usp=drivesdk,,adit gupta,12/26/2021,275841,,,https://drive.google.com/uc?export=view&id=19BiHrIhXR37WnXy8LS7bzSHTYPKG2Y3t
youtube-icon.png,1W70uMElOSHCS2HVZDE44k6ndNglsC0Mb,https://drive.google.com/file/d/1W70uMElOSHCS2HVZDE44k6ndNglsC0Mb/view?usp=drivesdk,,adit gupta,12/26/2021,101321,,,https://drive.google.com/uc?export=view&id=1W70uMElOSHCS2HVZDE44k6ndNglsC0Mb
Nissan.png,12bNoRRpFNvNJ0v_cUZXj5pT9ELfCyH18,https://drive.google.com/file/d/12bNoRRpFNvNJ0v_cUZXj5pT9ELfCyH18/view?usp=drivesdk,,adit gupta,12/26/2021,530852,,,https://drive.google.com/uc?export=view&id=12bNoRRpFNvNJ0v_cUZXj5pT9ELfCyH18
skype-icon.png,16BgsZHdZczdTG6UsrINNKnq67KrgRF_u,https://drive.google.com/file/d/16BgsZHdZczdTG6UsrINNKnq67KrgRF_u/view?usp=drivesdk,,adit gupta,12/26/2021,312154,,,https://drive.google.com/uc?export=view&id=16BgsZHdZczdTG6UsrINNKnq67KrgRF_u
facebook-3.png,1gd8Nsd5-ZowiXcrG7snS8YUFq37Yk8WL,https://drive.google.com/file/d/1gd8Nsd5-ZowiXcrG7snS8YUFq37Yk8WL/view?usp=drivesdk,,adit gupta,12/26/2021,126565,,,https://drive.google.com/uc?export=view&id=1gd8Nsd5-ZowiXcrG7snS8YUFq37Yk8WL
BMW.png,1z5HPbJE5awwHtZbMgNFJuwopbvSCosBj,https://drive.google.com/file/d/1z5HPbJE5awwHtZbMgNFJuwopbvSCosBj/view?usp=drivesdk,,adit gupta,12/26/2021,366822,,,https://drive.google.com/uc?export=view&id=1z5HPbJE5awwHtZbMgNFJuwopbvSCosBj
Alfa Romeo.png,1L5yfswOz4bipJ9qLwOl690H-IHqxhmY6,https://drive.google.com/file/d/1L5yfswOz4bipJ9qLwOl690H-IHqxhmY6/view?usp=drivesdk,,adit gupta,12/26/2021,445600,,,https://drive.google.com/uc?export=view&id=1L5yfswOz4bipJ9qLwOl690H-IHqxhmY6
Disney.png,1fqidPZPZMdgvRL9IanxJVGbKK2AIlKQx,https://drive.google.com/file/d/1fqidPZPZMdgvRL9IanxJVGbKK2AIlKQx/view?usp=drivesdk,,adit gupta,12/26/2021,3642,,,https://drive.google.com/uc?export=view&id=1fqidPZPZMdgvRL9IanxJVGbKK2AIlKQx
Volvo_logo_PNG1.png,1fItqvVNuhEXzXNM-KclwVyoY0OqFcZR6,https://drive.google.com/file/d/1fItqvVNuhEXzXNM-KclwVyoY0OqFcZR6/view?usp=drivesdk,,adit gupta,12/26/2021,196799,,,https://drive.google.com/uc?export=view&id=1fItqvVNuhEXzXNM-KclwVyoY0OqFcZR6
Taco-Bell-01.png,1jYQeICAcZA5bbT7dcdJIzIpH-TdpNPoy,https://drive.google.com/file/d/1jYQeICAcZA5bbT7dcdJIzIpH-TdpNPoy/view?usp=drivesdk,,adit gupta,12/26/2021,27231,,,https://drive.google.com/uc?export=view&id=1jYQeICAcZA5bbT7dcdJIzIpH-TdpNPoy
Pringles-01.jpg,1CzJTqhv6lHa-4_ugewiNYczaujiFa44_,https://drive.google.com/file/d/1CzJTqhv6lHa-4_ugewiNYczaujiFa44_/view?usp=drivesdk,,adit gupta,12/26/2021,73476,,,https://drive.google.com/uc?export=view&id=1CzJTqhv6lHa-4_ugewiNYczaujiFa44_
Porsche.png,12cC8Zv85HS3eGGpKLtQ4Xkx96LnBwtgv,https://drive.google.com/file/d/12cC8Zv85HS3eGGpKLtQ4Xkx96LnBwtgv/view?usp=drivesdk,,adit gupta,12/26/2021,615406,,,https://drive.google.com/uc?export=view&id=12cC8Zv85HS3eGGpKLtQ4Xkx96LnBwtgv
Popeyes_logo_PNG4.png,16AHSvcKZdfwzD9ehOFHTsPBOAlNo0gbC,https://drive.google.com/file/d/16AHSvcKZdfwzD9ehOFHTsPBOAlNo0gbC/view?usp=drivesdk,,adit gupta,12/26/2021,323069,,,https://drive.google.com/uc?export=view&id=16AHSvcKZdfwzD9ehOFHTsPBOAlNo0gbC
Pizza_Hut_logo_PNG6.png,1R7Nwbyx4sfLGdsvAPcNvL9bk-7GQOU2O,https://drive.google.com/file/d/1R7Nwbyx4sfLGdsvAPcNvL9bk-7GQOU2O/view?usp=drivesdk,,adit gupta,12/26/2021,133587,,,https://drive.google.com/uc?export=view&id=1R7Nwbyx4sfLGdsvAPcNvL9bk-7GQOU2O
Peugeot_logo_PNG8.png,1kZuaSe5nRzStGzABFYZX2aCry2y3DJkY,https://drive.google.com/file/d/1kZuaSe5nRzStGzABFYZX2aCry2y3DJkY/view?usp=drivesdk,,adit gupta,12/26/2021,81710,,,https://drive.google.com/uc?export=view&id=1kZuaSe5nRzStGzABFYZX2aCry2y3DJkY
Pepsi-01.jpg,1ZZTPwf6r5vAcHBY3BgH27tPsFmW1cpoz,https://drive.google.com/file/d/1ZZTPwf6r5vAcHBY3BgH27tPsFmW1cpoz/view?usp=drivesdk,,adit gupta,12/26/2021,58127,,,https://drive.google.com/uc?export=view&id=1ZZTPwf6r5vAcHBY3BgH27tPsFmW1cpoz
Park_Tool_Company.png,1Ds3zsjLQ5SerjCbVqrVJYiZFSjlMNOtY,https://drive.google.com/file/d/1Ds3zsjLQ5SerjCbVqrVJYiZFSjlMNOtY/view?usp=drivesdk,,adit gupta,12/26/2021,12341,,,https://drive.google.com/uc?export=view&id=1Ds3zsjLQ5SerjCbVqrVJYiZFSjlMNOtY
Monster-Energy-01.png,1Y4lm6WLTydgmziV4fh0AVV-FTEYHQeCg,https://drive.google.com/file/d/1Y4lm6WLTydgmziV4fh0AVV-FTEYHQeCg/view?usp=drivesdk,,adit gupta,12/26/2021,25112,,,https://drive.google.com/uc?export=view&id=1Y4lm6WLTydgmziV4fh0AVV-FTEYHQeCg
Mazda.png,1gpUPCcGCdAQ8m0zUX3iHUfb3V2lLr5Vx,https://drive.google.com/file/d/1gpUPCcGCdAQ8m0zUX3iHUfb3V2lLr5Vx/view?usp=drivesdk,,adit gupta,12/26/2021,227020,,,https://drive.google.com/uc?export=view&id=1gpUPCcGCdAQ8m0zUX3iHUfb3V2lLr5Vx
Lincoln_Electric_Company.jpg,1MtLhAYCgEY4-XCfQglYvmcqqVYaCXbJk,https://drive.google.com/file/d/1MtLhAYCgEY4-XCfQglYvmcqqVYaCXbJk/view?usp=drivesdk,,adit gupta,12/26/2021,98513,,,https://drive.google.com/uc?export=view&id=1MtLhAYCgEY4-XCfQglYvmcqqVYaCXbJk
Kfc_logo_PNG9.png,1ypHE5oO2teIWEXz2hmd9sqWZYkJExMW0,https://drive.google.com/file/d/1ypHE5oO2teIWEXz2hmd9sqWZYkJExMW0/view?usp=drivesdk,,adit gupta,12/26/2021,137559,,,https://drive.google.com/uc?export=view&id=1ypHE5oO2teIWEXz2hmd9sqWZYkJExMW0
Jack-in-the-Box-Logo-PNG4.png,1Qj9gRC9CUUopuo-5vrqh-ugVSN6qCoHE,https://drive.google.com/file/d/1Qj9gRC9CUUopuo-5vrqh-ugVSN6qCoHE/view?usp=drivesdk,,adit gupta,12/26/2021,17976,,,https://drive.google.com/uc?export=view&id=1Qj9gRC9CUUopuo-5vrqh-ugVSN6qCoHE
Hyundai_Motor_Company.png,1rFjdxNat-PZCIcb_6iwm9_R35MPkn0F5,https://drive.google.com/file/d/1rFjdxNat-PZCIcb_6iwm9_R35MPkn0F5/view?usp=drivesdk,,adit gupta,12/26/2021,8350,,,https://drive.google.com/uc?export=view&id=1rFjdxNat-PZCIcb_6iwm9_R35MPkn0F5
huawei_logo_PNG1.png,1_Z5asDxRsn6bgrYU1SCXanKc6Hnww_yV,https://drive.google.com/file/d/1_Z5asDxRsn6bgrYU1SCXanKc6Hnww_yV/view?usp=drivesdk,,adit gupta,12/26/2021,1528571,,,https://drive.google.com/uc?export=view&id=1_Z5asDxRsn6bgrYU1SCXanKc6Hnww_yV
Google_Maps_logo_PNG5.png,1nK1IwMhOKsnGshn9PI8_VGv5sUwZfSNp,https://drive.google.com/file/d/1nK1IwMhOKsnGshn9PI8_VGv5sUwZfSNp/view?usp=drivesdk,,adit gupta,12/26/2021,71027,,,https://drive.google.com/uc?export=view&id=1nK1IwMhOKsnGshn9PI8_VGv5sUwZfSNp
element-for-life.png,16K3dVp-O_oIGDzJSrSkzUrDLMgTI1PBg,https://drive.google.com/file/d/16K3dVp-O_oIGDzJSrSkzUrDLMgTI1PBg/view?usp=drivesdk,,adit gupta,12/26/2021,86919,,,https://drive.google.com/uc?export=view&id=16K3dVp-O_oIGDzJSrSkzUrDLMgTI1PBg
chipotle_logo.png,1sKFULxw9AUqPOhyHt19bF_ueSPkoofq9,https://drive.google.com/file/d/1sKFULxw9AUqPOhyHt19bF_ueSPkoofq9/view?usp=drivesdk,,adit gupta,12/26/2021,952191,,,https://drive.google.com/uc?export=view&id=1sKFULxw9AUqPOhyHt19bF_ueSPkoofq9
apple-seeklogo.com.png,1atNi_RIctxfci5RstA5EahL1aFxlLXik,https://drive.google.com/file/d/1atNi_RIctxfci5RstA5EahL1aFxlLXik/view?usp=drivesdk,,adit gupta,12/26/2021,14624,,,https://drive.google.com/uc?export=view&id=1atNi_RIctxfci5RstA5EahL1aFxlLXik
adidas.png,1p4vwTXddfmS9KWNCRie0OdPItKLueApc,https://drive.google.com/file/d/1p4vwTXddfmS9KWNCRie0OdPItKLueApc/view?usp=drivesdk,,adit gupta,12/26/2021,13522,,,https://drive.google.com/uc?export=view&id=1p4vwTXddfmS9KWNCRie0OdPItKLueApc
Netflix_logo_PNG5.png,19zyxAc1o7OCz1mfCE3SPZzSowym8NqXh,https://drive.google.com/file/d/19zyxAc1o7OCz1mfCE3SPZzSowym8NqXh/view?usp=drivesdk,,adit gupta,12/25/2021,18034,,,https://drive.google.com/uc?export=view&id=19zyxAc1o7OCz1mfCE3SPZzSowym8NqXh
playboy_logo_PNG4.png,1do5GPuSZmkkFU--PWkR7CNnd-nQSDxe3,https://drive.google.com/file/d/1do5GPuSZmkkFU--PWkR7CNnd-nQSDxe3/view?usp=drivesdk,,adit gupta,12/25/2021,314119,,,https://drive.google.com/uc?export=view&id=1do5GPuSZmkkFU--PWkR7CNnd-nQSDxe3
Cocomelon_Logo_PNG1.png,1uigKDEEVs91BGcMJa32Ctc9kM-iTwV2u,https://drive.google.com/file/d/1uigKDEEVs91BGcMJa32Ctc9kM-iTwV2u/view?usp=drivesdk,,adit gupta,12/25/2021,111465,,,https://drive.google.com/uc?export=view&id=1uigKDEEVs91BGcMJa32Ctc9kM-iTwV2u
Xiaomi_logo_PNG4.png,1MIe-RrUJ5yTee_qTa-nAKnEGur9zzvfz,https://drive.google.com/file/d/1MIe-RrUJ5yTee_qTa-nAKnEGur9zzvfz/view?usp=drivesdk,,adit gupta,12/24/2021,19976,,,https://drive.google.com/uc?export=view&id=1MIe-RrUJ5yTee_qTa-nAKnEGur9zzvfz
lg_logo_PNG4.png,1ujztGuxrrBMRAiRiBqn2R8QibCwlQN6C,https://drive.google.com/file/d/1ujztGuxrrBMRAiRiBqn2R8QibCwlQN6C/view?usp=drivesdk,,adit gupta,12/24/2021,167909,,,https://drive.google.com/uc?export=view&id=1ujztGuxrrBMRAiRiBqn2R8QibCwlQN6C
Coach_logo_PNG7.png,1d6-kPz5fdfjPBLSC-SSB2KIxX1sFsLv2,https://drive.google.com/file/d/1d6-kPz5fdfjPBLSC-SSB2KIxX1sFsLv2/view?usp=drivesdk,,adit gupta,12/24/2021,42915,,,https://drive.google.com/uc?export=view&id=1d6-kPz5fdfjPBLSC-SSB2KIxX1sFsLv2
ovo_logo_PNG1.png,1TnNUrLE6jR2IvqsvWpE_tzMnk4SPhXzA,https://drive.google.com/file/d/1TnNUrLE6jR2IvqsvWpE_tzMnk4SPhXzA/view?usp=drivesdk,,adit gupta,12/24/2021,175121,,,https://drive.google.com/uc?export=view&id=1TnNUrLE6jR2IvqsvWpE_tzMnk4SPhXzA
Timberland_logo_PNG3.png,1r2pLqyqy1TTgX8vEBuskSXUVrwXIwLyG,https://drive.google.com/file/d/1r2pLqyqy1TTgX8vEBuskSXUVrwXIwLyG/view?usp=drivesdk,,adit gupta,12/24/2021,61439,,,https://drive.google.com/uc?export=view&id=1r2pLqyqy1TTgX8vEBuskSXUVrwXIwLyG
Fruit_of_the_Loom_logo_PNG5.png,15jMqJwFtsxlIL2bltlan6_AbCVBPmYNK,https://drive.google.com/file/d/15jMqJwFtsxlIL2bltlan6_AbCVBPmYNK/view?usp=drivesdk,,adit gupta,12/24/2021,17895,,,https://drive.google.com/uc?export=view&id=15jMqJwFtsxlIL2bltlan6_AbCVBPmYNK
Lululemon_logo_PNG1.png,1UiiRCqtLUt2ozLo7CNFTd0lA5EntKZ6S,https://drive.google.com/file/d/1UiiRCqtLUt2ozLo7CNFTd0lA5EntKZ6S/view?usp=drivesdk,,adit gupta,12/24/2021,176646,,,https://drive.google.com/uc?export=view&id=1UiiRCqtLUt2ozLo7CNFTd0lA5EntKZ6S
Ferrari_logo_PNG11.png,10dC_2l8i4WrVr_Gss6vXCFKfS_LzZNM5,https://drive.google.com/file/d/10dC_2l8i4WrVr_Gss6vXCFKfS_LzZNM5/view?usp=drivesdk,,adit gupta,12/24/2021,747311,,,https://drive.google.com/uc?export=view&id=10dC_2l8i4WrVr_Gss6vXCFKfS_LzZNM5
Honda_logo_PNG4.png,1TVs4h_wboLkGT_mkOu5cWXuGhMhHyy_u,https://drive.google.com/file/d/1TVs4h_wboLkGT_mkOu5cWXuGhMhHyy_u/view?usp=drivesdk,,adit gupta,12/24/2021,443710,,,https://drive.google.com/uc?export=view&id=1TVs4h_wboLkGT_mkOu5cWXuGhMhHyy_u
Mercedes_logo_PNG1.png,1EAQ7vHowjSuKHhr5HdJs9fn34lJGUfpx,https://drive.google.com/file/d/1EAQ7vHowjSuKHhr5HdJs9fn34lJGUfpx/view?usp=drivesdk,,adit gupta,12/24/2021,396200,,,https://drive.google.com/uc?export=view&id=1EAQ7vHowjSuKHhr5HdJs9fn34lJGUfpx
Telegram_logo_PNG15.png,16VWOZuipdRdJKBuNUG5XrTw7TocQWM4K,https://drive.google.com/file/d/16VWOZuipdRdJKBuNUG5XrTw7TocQWM4K/view?usp=drivesdk,,adit gupta,12/24/2021,10302,,,https://drive.google.com/uc?export=view&id=16VWOZuipdRdJKBuNUG5XrTw7TocQWM4K
Target.png,1fInkwjjoP1CZR3Xle3dBDrD2wW09ErcS,https://drive.google.com/file/d/1fInkwjjoP1CZR3Xle3dBDrD2wW09ErcS/view?usp=drivesdk,,adit gupta,12/24/2021,88258,,,https://drive.google.com/uc?export=view&id=1fInkwjjoP1CZR3Xle3dBDrD2wW09ErcS
Subaru.png,1MGTLk9ce4pc9-iiJoe5JnhTgiileMSRf,https://drive.google.com/file/d/1MGTLk9ce4pc9-iiJoe5JnhTgiileMSRf/view?usp=drivesdk,,adit gupta,12/22/2021,1641038,,,https://drive.google.com/uc?export=view&id=1MGTLk9ce4pc9-iiJoe5JnhTgiileMSRf
Volkswagen.png,1xLaggSmn3JcZcOvy_DzYf8Os6lNjeWNH,https://drive.google.com/file/d/1xLaggSmn3JcZcOvy_DzYf8Os6lNjeWNH/view?usp=drivesdk,,adit gupta,12/22/2021,112552,,,https://drive.google.com/uc?export=view&id=1xLaggSmn3JcZcOvy_DzYf8Os6lNjeWNH
Mini Cooper.png,1h__3LeqVr49WzIAJ7RaO40qlF55yIpf4,https://drive.google.com/file/d/1h__3LeqVr49WzIAJ7RaO40qlF55yIpf4/view?usp=drivesdk,,adit gupta,12/22/2021,220154,,,https://drive.google.com/uc?export=view&id=1h__3LeqVr49WzIAJ7RaO40qlF55yIpf4
facebook-messenger-3.png,1vqNFItXQcQwxOgnMoq-_3JqqbYQmJB_Y,https://drive.google.com/file/d/1vqNFItXQcQwxOgnMoq-_3JqqbYQmJB_Y/view?usp=drivesdk,,adit gupta,12/20/2021,87848,,,https://drive.google.com/uc?export=view&id=1vqNFItXQcQwxOgnMoq-_3JqqbYQmJB_Y
linkedin-icon.png,13coSBURO2dy5IcROouHA7Ll7RBkVscRb,https://drive.google.com/file/d/13coSBURO2dy5IcROouHA7Ll7RBkVscRb/view?usp=drivesdk,,adit gupta,12/20/2021,170962,,,https://drive.google.com/uc?export=view&id=13coSBURO2dy5IcROouHA7Ll7RBkVscRb
tiktok-icon-2.png,1F5C_TU9Zjsn94ABsTluTJhGQJlD5Dgi_,https://drive.google.com/file/d/1F5C_TU9Zjsn94ABsTluTJhGQJlD5Dgi_/view?usp=drivesdk,,adit gupta,12/20/2021,121656,,,https://drive.google.com/uc?export=view&id=1F5C_TU9Zjsn94ABsTluTJhGQJlD5Dgi_
Air-Jordan-Jumpman-01.png,1_MjgYojp8mKGdibp3X0cmaJrgLk3g_9T,https://drive.google.com/file/d/1_MjgYojp8mKGdibp3X0cmaJrgLk3g_9T/view?usp=drivesdk,,adit gupta,6/18/2021,10520,,,https://drive.google.com/uc?export=view&id=1_MjgYojp8mKGdibp3X0cmaJrgLk3g_9T
Adobe-Reader-01.png,10rLvapbYD9OxVok8Pfz4hGxFRPykV9Jh,https://drive.google.com/file/d/10rLvapbYD9OxVok8Pfz4hGxFRPykV9Jh/view?usp=drivesdk,,adit gupta,6/18/2021,20580,,,https://drive.google.com/uc?export=view&id=10rLvapbYD9OxVok8Pfz4hGxFRPykV9Jh
Starbucks-01.jpg,1g8CsYByVsfbM08cRN8wUYc8ZT7HwnZiM,https://drive.google.com/file/d/1g8CsYByVsfbM08cRN8wUYc8ZT7HwnZiM/view?usp=drivesdk,,adit gupta,3/19/2020,39732,,,https://drive.google.com/uc?export=view&id=1g8CsYByVsfbM08cRN8wUYc8ZT7HwnZiM
Microsoft-Word-01.png,1JOiWEBAOvEFIVMp6LSBTYM8h9g_g18HB,https://drive.google.com/file/d/1JOiWEBAOvEFIVMp6LSBTYM8h9g_g18HB/view?usp=drivesdk,,adit gupta,12/28/2015,5071,,,https://drive.google.com/uc?export=view&id=1JOiWEBAOvEFIVMp6LSBTYM8h9g_g18HB
McDonalds-01.png,1QOewwwNsqOVqYKLtX0iDNB4ZakemzNjy,https://drive.google.com/file/d/1QOewwwNsqOVqYKLtX0iDNB4ZakemzNjy/view?usp=drivesdk,,adit gupta,9/10/2015,6629,,,https://drive.google.com/uc?export=view&id=1QOewwwNsqOVqYKLtX0iDNB4ZakemzNjy
Nike-01.png,1XEoFXA5WELp_O5qHdHplDnp18qwUxmv9,https://drive.google.com/file/d/1XEoFXA5WELp_O5qHdHplDnp18qwUxmv9/view?usp=drivesdk,,adit gupta,8/5/2015,4193,,,https://drive.google.com/uc?export=view&id=1XEoFXA5WELp_O5qHdHplDnp18qwUxmv9